"id","protein","method","citation","alias","doi"
"RNCMPT00001_RNCMPT","A1CF","RNAcompete","Ray et al 2013","A1CF, ACF, ASP, ACF64, ACF65, APOBEC1CF, APOBEC1 complementation factor","10.1038/nature12311"
"AGO1-4_GP","AGO1-4","PAR-CLIP","Hafner et al 2010","AGO1, AGO2, AGO3, AGO4, EIF2C, EIF2C1, GERP95, Q99, hAgo1, argonaute RISC catalytic component 1","10.1016/j.cell.2010.03.009"
"AGO2_GP","AGO2","HITS-CLIP","Kishore et al 2011","EIF2C2, argonaute RISC catalytic component 2, LINC00980, EIF-2C, EIF2C, CASC7, HAgo2, Q10","10.1038/nmeth.1608"
"ALKBH5_GP","ALKBH5","PAR-CLIP","Baltz et al 2012","ALKBH5, ABH5, OFOXD, OFOXD1, alkB homolog 5, RNA demethylase","10.1016/j.molcel.2012.05.021"
"RNCMPT00002_RNCMPT","ANKHD1","RNAcompete","Ray et al 2013","ANKHD1, MASK, FLJ20288, FLJ11979, FLJ10042, FLJ14127, KIAA1085, MASK1, ankyrin repeat and KH domain containing 1","10.1038/nature12311"
"C17ORF85_GP","C17ORF85","PAR-CLIP","Baltz et al 2012","NCBP3, Nuclear Cap Binding Subunit 3, ELG, HSA277841","10.1016/j.molcel.2012.05.021"
"C22ORF28_GP","C22ORF28","PAR-CLIP","Baltz et al 2012","RTCB, HSPC117, FAAP, Chromosome 22 Open Reading Frame, Ankyrin Repeat Domain 54","10.1016/j.molcel.2012.05.021"
"CAPRIN1_GP","CAPRIN1","PAR-CLIP","Baltz et al 2012","CAPRIN1, GPIAP1, GPIP137, GRIP137, M11S1, RNG105, p137GPI, cell cycle associated protein 1","10.1016/j.molcel.2012.05.021"
"RNCMPT00004_RNCMPT","CELF4","RNAcompete","Ray et al 2013","CELF4, BRUNOL4, CUGBP Elav-like family member 4","10.1038/nature12311"
"RNCMPT00166_RNCMPT","CELF5","RNAcompete","Ray et al 2013","CELF5, BRUNOL5, CUGBP Elav-like family member 5","10.1038/nature12311"
"RNCMPT00187_RNCMPT","CELF6","RNAcompete","Ray et al 2013","CELF6, BRUNOL6, CUGBP Elav-like family member 6","10.1038/nature12311"
"RNCMPT00156_RNCMPT","CNOT4","RNAcompete","Ray et al 2013","CNOT4, CLONE243, NOT4H, NOT4, CCR4-NOT transcription complex subunit 4","10.1038/nature12311"
"RNCMPT00012_RNCMPT","CPEB2","RNAcompete","Ray et al 2013","CPEB2, cytoplasmic polyadenylation element binding protein 2","10.1038/nature12311"
"RNCMPT00158_RNCMPT","CPEB4","RNAcompete","Ray et al 2013","CPEB4, KIAA1673, cytoplasmic polyadenylation element binding protein 4","10.1038/nature12311"
"RNCMPT00013_RNCMPT","DAZAP1","RNAcompete","Goina et al 2008","DAZAP1, MGC19907, deleted in azoospermia associated protein 1, DAZ associated protein 1","10.1128/MCB.02253-07"
"ELAVL1_GP","ELAVL1","HITS-CLIP","Kishore et al 2011","ELAVL1, ELAV1, HUR, Hua, MelG, ELAV like RNA binding protein 1","10.1038/nmeth.1608"
"ELAVL1A_GP","ELAVL1","PAR-CLIP","Kishore et al 2011","ELAVL1, ELAV1, HUR, Hua, MelG, ELAV like RNA binding protein 1","10.1038/nmeth.1608"
"ELAVL1B_GP","ELAVL1","PAR-CLIP","Lebedeva et al 2011","ELAVL1, ELAV1, HUR, Hua, MelG, ELAV like RNA binding protein 1","10.1016/j.molcel.2011.06.008"
"ELAVL1C_GP","ELAVL1","PAR-CLIP","Mukherjee et al 2011","ELAVL1, ELAV1, HUR, Hua, MelG, ELAV like RNA binding protein 1","10.1016/j.molcel.2011.06.007"
"RNCMPT00112_RNCMPT","ELAVL1","RNAcompete","Ray et al 2013","ELAVL1, HuR, Hua, MelG, HUR, embryonic lethal, abnormal vision, drosophila, homolog-like 1, Hu antigen R, ELAV like RNA binding protein 1","10.1038/nature12311"
"RNCMPT00117_RNCMPT","ELAVL1","RNAcompete","Ray et al 2013","ELAVL1, HuR, Hua, MelG, HUR, embryonic lethal, abnormal vision, drosophila, homolog-like 1, Hu antigen R, ELAV like RNA binding protein 1","10.1038/nature12311"
"RNCMPT00136_RNCMPT","ELAVL1","RNAcompete","Ray et al 2013","ELAVL1, HuR, Hua, MelG, HUR, embryonic lethal, abnormal vision, drosophila, homolog-like 1, Hu antigen R, ELAV like RNA binding protein 1","10.1038/nature12311"
"RNCMPT00032_RNCMPT","ELAVL1","RNAcompete","Ray et al 2013","ELAVL1, HuR, Hua, MelG, HUR, embryonic lethal, abnormal vision, drosophila, homolog-like 1, Hu antigen R, ELAV like RNA binding protein 1","10.1038/nature12311"
"RNCMPT00274_RNCMPT","ELAVL1","RNAcompete","Ray et al 2013","ELAVL1, HuR, Hua, MelG, HUR, embryonic lethal, abnormal vision, drosophila, homolog-like 1, Hu antigen R, ELAV like RNA binding protein 1","10.1038/nature12311"
"RNCMPT00149_RNCMPT","ENOX1","RNAcompete","Ray et al 2013","ENOX1, FLJ10094, PIG38, CNOX, cCNOX, ecto-NADPH oxidase disulfide-thiol exchanger 1, ecto-NOX disulfide-thiol exchanger 1","10.1038/nature12311"
"RNCMPT00150_RNCMPT","ESRP2","RNAcompete","Ray et al 2013","ESRP2, FLJ21918, RBM35B, epithelial splicing regulatory protein 2","10.1038/nature12311"
"EWSR1_GP","EWSR1","PAR-CLIP","Hoell et al 2011","EWS RNA Binding Protein 1, EWS Oncogene, BK984G1.4, EWS-FLI1","10.1038/nsmb.2163"
"RNCMPT00016_RNCMPT","FMR1","RNAcompete","Ray et al 2013","FMR1, FMRP, FRAXA, MGC87458, POF1, POF, FMRP translational regulator 1","10.1038/nature12311"
"FUBP3_ENCODE-HepG2","FUBP3","eCLIP (HepG2)","Dunham et al 2012;Davis et al 2018","FUBP3, FBP3, , far upstream element binding protein 3","10.1038/nature11247;10.1093/nar/gkx1081"
"FUS_GP","FUS","PAR-CLIP","Hoell et al 2011","FUS RNA Binding Protein, Amyotrophic Lateral Sclerosis 6, HNRNPP2, POMP75, TLS, ETM4, FUS1, ALS6","10.1038/nsmb.2163"
"RNCMPT00018_RNCMPT","FUS","RNAcompete","Ray et al 2013","FUS, TLS, FUS1, hnRNP-P2, HNRNPP2, ALS6, heterogeneous nuclear ribonucleoprotein P2, translocated in liposarcoma, FUS RNA binding protein","10.1038/nature12311"
"FUS_ENCODE-HepG2","FUS","eCLIP (HepG2)","Dunham et al 2012;Davis et al 2018","FUS, TLS, FUS1, hnRNP-P2, HNRNPP2, ALS6, heterogeneous nuclear ribonucleoprotein P2, translocated in liposarcoma, FUS RNA binding protein","10.1038/nature11247;10.1093/nar/gkx1081"
"FUS_ENCODE-K562","FUS","eCLIP (K562)","Dunham et al 2012;Davis et al 2018","FUS, TLS, FUS1, hnRNP-P2, HNRNPP2, ALS6, heterogeneous nuclear ribonucleoprotein P2, translocated in liposarcoma, FUS RNA binding protein","10.1038/nature11247;10.1093/nar/gkx1081"
"RNCMPT00161_RNCMPT","FXR1","RNAcompete","Ray et al 2013","FXR1, FMR1 autosomal homolog 1","10.1038/nature12311"
"RNCMPT00020_RNCMPT","FXR2","RNAcompete","Ray et al 2013","FXR2, FMR1L2, FMR1 autosomal homolog 2","10.1038/nature12311"
"G3BP1_ENCODE-HepG2","G3BP1","eCLIP (HepG2)","Dunham et al 2012;Davis et al 2018","G3BP1, HDH-VIII, G3BP, Ras-GTPase-activating protein SH3-domain-binding protein, DNA helicase VIII, G3BP stress granule assembly factor 1","10.1038/nature11247;10.1093/nar/gkx1081"
"RNCMPT00021_RNCMPT","G3BP2","RNAcompete","Ray et al 2013","G3BP2, KIAA0660, Ras-GTPase activating protein SH3 domain-binding protein 2, G3BP stress granule assembly factor 2","10.1038/nature12311"
"GRSF1_ENCODE-HepG2","GRSF1","eCLIP (HepG2)","Dunham et al 2012;Davis et al 2018","GRSF1, G-rich RNA sequence binding factor 1","10.1038/nature11247;10.1093/nar/gkx1081"
"HNRNPA1_BRUUN","HNRNPA1","iCLIP","Bruun et al 2016","HNRNPA1, ALS19, ALS20, HNRPA1, HNRPA1L3, IBMPFD3, hnRNP A1, hnRNP-A1, UP 1, heterogeneous nuclear ribonucleoprotein A1","10.1186/s12915-016-0279-9"
"RNCMPT00022_RNCMPT","HNRNPA1","RNAcompete","Ray et al 2013","HNRNPA1, ALS19, ALS20, HNRPA1, HNRPA1L3, IBMPFD3, HNRNP A1, hnRNP A1, hnRNP-A1, UP 1, heterogeneous nuclear ribonucleoprotein A1","10.1038/nature12311"
"HNRNPA1_ENCODE-HepG2","HNRNPA1","eCLIP (HepG2)","Dunham et al 2012;Davis et al 2018","HNRNPA1, hnRNP-A1, ALS20, HNRPA1, heterogeneous nuclear ribonucleoprotein A1","10.1038/nature11247;10.1093/nar/gkx1081"
"HNRNPA1_ENCODE-K562","HNRNPA1","eCLIP (K562)","Dunham et al 2012;Davis et al 2018","HNRNPA1, hnRNP-A1, ALS20, HNRPA1, heterogeneous nuclear ribonucleoprotein A1","10.1038/nature11247;10.1093/nar/gkx1081"
"RNCMPT00023_RNCMPT","HNRNPA1L2","RNAcompete","Ray et al 2013","HNRNPA1L2, LOC144983, hnRNP-A1L2, hnRNP A1L2, heterogeneous nuclear ribonucleoprotein A1 like 2","10.1038/nature12311"
"RNCMPT00024_RNCMPT","HNRNPA2B1","RNAcompete","Ray et al 2013","HNRNPA2B1, HNRNPA2, hnRNPA2B1, hnRNP A2B1, hnRNP A2/B1, hnRNP-A2B1, hnRNP-A2/B1, hnRNPA2, hnRNP-A2, hnRNP A2, HNRPA2B1, heterogeneous nuclear ribonucleoprotein A2/B1","10.1038/nature12311"
"HNRNPC_GP","HNRNPC","iCLIP","KÃ¶nig et al 2010","HNRNPC, C1, C2, HNRNP, HNRPC, hnRNPC, hnRNP C, SNRPC, heterogeneous nuclear ribonucleoprotein C (C1/C2)","10.1038/nsmb.1838"
"RNCMPT00025_RNCMPT","HNRNPC","RNAcompete","Ray et al 2013","HNRNPC, HNRPC, hnRNPC, hnRNP C, hnRNP-C, heterogeneous nuclear ribonucleoprotein C","10.1038/nature12311"
"HNRNPC_ENCODE-HepG2","HNRNPC","eCLIP (HepG2)","Dunham et al 2012;Davis et al 2018","HNRNPC, HNRPC, , heterogeneous nuclear ribonucleoprotein C","10.1038/nature11247;10.1093/nar/gkx1081"
"HNRNPC_ENCODE-K562","HNRNPC","eCLIP (K562)","Dunham et al 2012;Davis et al 2018","HNRNPC, HNRPC, , heterogeneous nuclear ribonucleoprotein C","10.1038/nature11247;10.1093/nar/gkx1081"
"RNCMPT00167_RNCMPT","HNRNPCL1","RNAcompete","Ray et al 2013","HNRNPCL1, HNRPCL1, hnRNPCL1, hnRNP CL1, hnRNP-CL1, heterogeneous nuclear ribonucleoprotein C like 1","10.1038/nature12311"
"RNCMPT00160_RNCMPT","HNRNPH2","RNAcompete","Ray et al 2013","HNRNPH2, hnRNPH', FTP3, HNRPH', HNRPH2, hnRNPH2, hnRNPH', hnRNP H2, hnRNP H', hnheterogeneous nuclear ribonucleoprotein H2","10.1038/nature12311"
"RNCMPT00026_RNCMPT","HNRNPK","RNAcompete","Mukhopadhyay et al 2009","HNRNPK, CSBP, TUNP, HNRPK, hnRNP K, hnRNP-K, HNRNP K, transformation upregulated nuclear protein, heterogeneous nuclear ribonucleoprotein K","10.1158/0008-5472.CAN-08-2308"
"HNRNPK_ENCODE-HepG2","HNRNPK","eCLIP (HepG2)","Dunham et al 2012;Davis et al 2018","HNRNPK, CSBP, TUNP, HNRPK, transformation upregulated nuclear protein, heterogeneous nuclear ribonucleoprotein K","10.1038/nature11247;10.1093/nar/gkx1081"
"HNRNPK_ENCODE-K562","HNRNPK","eCLIP (K562)","Dunham et al 2012;Davis et al 2018","HNRNPK, CSBP, TUNP, HNRPK, transformation upregulated nuclear protein, heterogeneous nuclear ribonucleoprotein K","10.1038/nature11247;10.1093/nar/gkx1081"
"RNCMPT00027_RNCMPT","HNRNPL","RNAcompete","Ray et al 2013","HNRNPL, HNRPL, hnRNPL, hnRNP L, hnRNP-L, heterogeneous nuclear ribonucleoprotein L","10.1038/nature12311"
"RNCMPT00091_RNCMPT","HNRNPL","RNAcompete","Rossbach et al 2009","HNRNPL, HNRPL, hnRNPL, hnRNP L, hnRNP-L, heterogeneous nuclear ribonucleoprotein L","10.1128/MCB.01689-08"
"HNRNPL_ENCODE-HepG2","HNRNPL","eCLIP (HepG2)","Dunham et al 2012;Davis et al 2018","HNRNPL, HNRPL, , heterogeneous nuclear ribonucleoprotein L","10.1038/nature11247;10.1093/nar/gkx1081"
"HNRNPL_ENCODE-K562","HNRNPL","eCLIP (K562)","Dunham et al 2012;Davis et al 2018","HNRNPL, HNRPL, , heterogeneous nuclear ribonucleoprotein L","10.1038/nature11247;10.1093/nar/gkx1081"
"RNCMPT00178_RNCMPT","HNRNPLL","RNAcompete","Ray et al 2013","HNRNPLL, HNRPLL, HNRNP LL, HNRNP-LL, hnRNP LL, hnRNP-LL, heterogeneous nuclear ribonucleoprotein L like","10.1038/nature12311"
"HNRNPM_ENCODE-HepG2","HNRNPM","eCLIP (HepG2)","Dunham et al 2012;Davis et al 2018","HNRNPM, HTGR1, HNRNPM4, HNRPM4, CEAR, NAGR1, HNRPM, CEA receptor, heterogeneous nuclear ribonucleoprotein M","10.1038/nature11247;10.1093/nar/gkx1081"
"HNRNPM_ENCODE-K562","HNRNPM","eCLIP (K562)","Dunham et al 2012;Davis et al 2018","HNRNPM, HTGR1, HNRNPM4, HNRPM4, CEAR, NAGR1, HNRPM, CEA receptor, heterogeneous nuclear ribonucleoprotein M","10.1038/nature11247;10.1093/nar/gkx1081"
"HNRNPU_ENCODE-HepG2","HNRNPU","eCLIP (HepG2)","Dunham et al 2012;Davis et al 2018","HNRNPU, SAF-A, FLJ37978, FLJ30202, HNRPU, HNRNPU-AS1, C1orf199, NCRNA00201, scaffold attachment factor A, heterogeneous nuclear ribonucleoprotein U","10.1038/nature11247;10.1093/nar/gkx1081"
"HNRNPU_ENCODE-K562","HNRNPU","eCLIP (K562)","Dunham et al 2012;Davis et al 2018","HNRNPU, SAF-A, FLJ37978, FLJ30202, HNRPU, HNRNPU-AS1, C1orf199, NCRNA00201, scaffold attachment factor A, heterogeneous nuclear ribonucleoprotein U","10.1038/nature11247;10.1093/nar/gkx1081"
"HNRNPUL1_ENCODE-HepG2","HNRNPUL1","eCLIP (HepG2)","Dunham et al 2012;Davis et al 2018","HNRNPUL1, E1B-AP5, E1BAP5, FLJ12944, HNRPUL1, E1B 55kDa associated protein 5, heterogeneous nuclear ribonucleoprotein U like 1","10.1038/nature11247;10.1093/nar/gkx1081"
"HNRNPUL1_ENCODE-K562","HNRNPUL1","eCLIP (K562)","Dunham et al 2012;Davis et al 2018","HNRNPUL1, E1B-AP5, E1BAP5, FLJ12944, HNRPUL1, E1B 55kDa associated protein 5, heterogeneous nuclear ribonucleoprotein U like 1","10.1038/nature11247;10.1093/nar/gkx1081"
"IGF2BP1_ENCODE-HepG2","IGF2BP1","eCLIP (HepG2)","Dunham et al 2012;Davis et al 2018","IGF2BP1, IMP-1, IGF II mRNA binding protein 1, insulin like growth factor 2 mRNA binding protein 1","10.1038/nature11247;10.1093/nar/gkx1081"
"IGF2BP1_ENCODE-K562","IGF2BP1","eCLIP (K562)","Dunham et al 2012;Davis et al 2018","IGF2BP1, IMP-1, IGF II mRNA binding protein 1, insulin like growth factor 2 mRNA binding protein 1","10.1038/nature11247;10.1093/nar/gkx1081"
"IGF2BP1-3_GP","IGF2BP1-3","PAR-CLIP","Hafner et al 2010","IGF2BP1, IGF2BP2, IGF2BP3, CRD-BP, CRDBP, IMP-1, IMP1, VICKZ1, ZBP1, insulin like growth factor 2 mRNA binding protein 1, insulin like growth factor 2 mRNA binding protein 2, insulin like growth factor 2 mRNA binding protein 3","10.1016/j.cell.2010.03.009"
"RNCMPT00033_RNCMPT","IGF2BP2","RNAcompete","Ray et al 2013","IGF2BP2, IMP-2, p62, P62, IGF II mRNA binding protein 2, insulin like growth factor 2 mRNA binding protein 2","10.1038/nature12311"
"IGF2BP2_ENCODE-K562","IGF2BP2","eCLIP (K562)","Dunham et al 2012;Davis et al 2018","IGF2BP2, IMP-2, p62, P62, IGF II mRNA binding protein 2, insulin like growth factor 2 mRNA binding protein 2","10.1038/nature11247;10.1093/nar/gkx1081"
"RNCMPT00172_RNCMPT","IGF2BP3","RNAcompete","Ray et al 2013","IGF2BP3, IMP-3, CT98, IMP3, IGF II mRNA binding protein 3, cancer/testis antigen 98, insulin like growth factor 2 mRNA binding protein 3","10.1038/nature12311"
"IGF2BP3_ENCODE-HepG2","IGF2BP3","eCLIP (HepG2)","Dunham et al 2012;Davis et al 2018","IGF2BP3, IMP-3, CT98, IMP3, IGF II mRNA binding protein 3, cancer/testis antigen 98, insulin like growth factor 2 mRNA binding protein 3","10.1038/nature11247;10.1093/nar/gkx1081"
"ILF3_ENCODE-K562","ILF3","eCLIP (K562)","Dunham et al 2012;Davis et al 2018","ILF3, NF90, MPHOSPH4, MPP4, NFAR-1, NFAR110, NFAR-2, TCP110, NF110, DRBP76, NFAR90, NF110b, NF90a, NF90c, NF90ctv, MPP4110, M-phase phosphoprotein 4, nuclear factor of activated T-cells 90 kDa, nuclear factor of activated T-cells 110 kDa, translational control protein 80, double-stranded RNA-binding protein, 76 kD, M phase phosphoprotein 4, nuclear factor associated with DS RNA, dsRNA binding protein NFAR-2/MPP4, interleukin enhancer binding factor 3","10.1038/nature11247;10.1093/nar/gkx1081"
"RNCMPT00169_RNCMPT","KHDRBS1","RNAcompete","Ray et al 2013","KHDRBS1, Sam68, p62, FLJ34027, GAP-associated tyrosine phosphoprotein p62, Src-associated in mitosis 68 kDa protein, KH RNA binding domain containing, signal transduction associated 1","10.1038/nature12311"
"KHDRBS1_ENCODE-K562","KHDRBS1","eCLIP (K562)","Dunham et al 2012;Davis et al 2018","KHDRBS1, Sam68, p62, FLJ34027, GAP-associated tyrosine phosphoprotein p62, Src-associated in mitosis 68 kDa protein, KH RNA binding domain containing, signal transduction associated 1","10.1038/nature11247;10.1093/nar/gkx1081"
"RNCMPT00185_RNCMPT","KHDRBS2","RNAcompete","Ray et al 2013","KHDRBS2, SLM1, SLM-1, MGC26664, Sam68-like mammalian protein 1, KH RNA binding domain containing, signal transduction associated 2","10.1038/nature12311"
"RNCMPT00034_RNCMPT","KHDRBS3","RNAcompete","Ray et al 2013","KHDRBS3, T-STAR, Etle, etoile, SALP, SLM2, SLM-2, KH RNA binding domain containing, signal transduction associated 3","10.1038/nature12311"
"KHSRP_ENCODE-HepG2","KHSRP","eCLIP (HepG2)","Dunham et al 2012;Davis et al 2018","KHSRP, KSRP, FBP2, FUBP2, FUSE binding protein 2, KH-type splicing regulatory protein","10.1038/nature11247;10.1093/nar/gkx1081"
"KHSRP_ENCODE-K562","KHSRP","eCLIP (K562)","Dunham et al 2012;Davis et al 2018","KHSRP, KSRP, FBP2, FUBP2, FUSE binding protein 2, KH-type splicing regulatory protein","10.1038/nature11247;10.1093/nar/gkx1081"
"LARP4_ENCODE-K562","LARP4","eCLIP (K562)","Dunham et al 2012;Davis et al 2018","LARP4, PP13296, La-related protein 4, La ribonucleoprotein 4","10.1038/nature11247;10.1093/nar/gkx1081"
"LARP7_ENCODE-HepG2","LARP7","eCLIP (HepG2)","Dunham et al 2012;Davis et al 2018","LARP7, HDCMA18P, PIP7S, DKFZP564K112, P-TEFb-interaction protein for 7SK stability, La ribonucleoprotein 7, transcriptional regulator","10.1038/nature11247;10.1093/nar/gkx1081"
"LARP7_ENCODE-K562","LARP7","eCLIP (K562)","Dunham et al 2012;Davis et al 2018","LARP7, HDCMA18P, PIP7S, DKFZP564K112, P-TEFb-interaction protein for 7SK stability, La ribonucleoprotein 7, transcriptional regulator","10.1038/nature11247;10.1093/nar/gkx1081"
"RNCMPT00036_RNCMPT","LIN28A","RNAcompete","Lehrbach et al 2009","LIN28A, LIN-28, FLJ12457, ZCCHC1, CSDD1, LIN28, lin-28 homolog A","10.1038/nsmb.1675"
"RNCMPT00162_RNCMPT","LIN28A","RNAcompete","Ray et al 2013","LIN28A, LIN-28, FLJ12457, ZCCHC1, CSDD1, LIN28, lin-28 homolog A","10.1038/nature12311"
"RNCMPT00037_RNCMPT","MATR3","RNAcompete","Ray et al 2013","MATR3, KIAA0723, MGC9105, VCPDM, MPD2, matrin 3","10.1038/nature12311"
"MATR3_ENCODE-HepG2","MATR3","eCLIP (HepG2)","Dunham et al 2012;Davis et al 2018","MATR3, KIAA0723, MGC9105, VCPDM, MPD2, matrin 3","10.1038/nature11247;10.1093/nar/gkx1081"
"MATR3_ENCODE-K562","MATR3","eCLIP (K562)","Dunham et al 2012;Davis et al 2018","MATR3, KIAA0723, MGC9105, VCPDM, MPD2, matrin 3","10.1038/nature11247;10.1093/nar/gkx1081"
"RNCMPT00038_RNCMPT","MBNL1","RNAcompete","Warf et al 2007","MBNL1, KIAA0428, EXP42, EXP40, EXP35, EXP, MBNL, muscleblind like splicing regulator 1","10.1261/rna.610607"
"MOV10_GP","MOV10","PAR-CLIP","Sievers et al 2012","MOV10, fSAP113, gb110, Mov10 RISC complex RNA helicase","10.1093/nar/gks697"
"RNCMPT00041_RNCMPT","MSI1","RNAcompete","Ray et al 2013","MSI1, musashi RNA binding protein 1","10.1038/nature12311"
"RNCMPT00176_RNCMPT","MSI1","RNAcompete","Ray et al 2013","MSI1, musashi RNA binding protein 1","10.1038/nature12311"
"NONO_ENCODE-K562","NONO","eCLIP (K562)","Dunham et al 2012;Davis et al 2018","NONO, NRB54, NMT55, P54NRB, P54, PPP1R114, Nuclear RNA-binding protein, 54-kD, non-Pou domain-containing octamer (ATGCAAAT) binding protein, protein phosphatase 1, regulatory subunit 114, non-POU domain containing octamer binding","10.1038/nature11247;10.1093/nar/gkx1081"
"RNCMPT00155_RNCMPT","PABPC1","RNAcompete","Ray et al 2013","PABPC1, PABP1, PABPL1, PAB1, PABPC2, poly(A) binding protein cytoplasmic 1","10.1038/nature12311"
"RNCMPT00153_RNCMPT","PABPC3","RNAcompete","Ray et al 2013","PABPC3, PABP3, tPABP, PABPL3, testis PABP, poly(A) binding protein cytoplasmic 3","10.1038/nature12311"
"RNCMPT00043_RNCMPT","PABPC4","RNAcompete","Ray et al 2013","PABPC4, iPABP, APP-1, activated-platelet protein 1, Inducible poly(A)-binding protein, poly(A) binding protein cytoplasmic 4","10.1038/nature12311"
"RNCMPT00171_RNCMPT","PABPC5","RNAcompete","Ray et al 2013","PABPC5, PABP5, poly(A) binding protein cytoplasmic 5","10.1038/nature12311"
"RNCMPT00157_RNCMPT","PABPN1","RNAcompete","Ray et al 2013","PABPN1, PAB2, OPMD, PABP2, poly(A) binding protein nuclear 1","10.1038/nature12311"
"RNCMPT00186_RNCMPT","PCBP1","RNAcompete","Kiledjian et al 1999","PCBP1, HNRPE1, hnRNP-E1, HNRPX, hnRNP-X, heterogeneous nuclear ribonucleoprotein E1, poly(rC) binding protein 1","10.1006/meth.1998.0710"
"RNCMPT00044_RNCMPT","PCBP2","RNAcompete","Kiledjian et al 1999","PCBP2, HNRPE2, hnRNP-E2, HNRNPE2, heterogenous nuclear ribonucleoprotein E2, poly(rC) binding protein 2","10.1006/meth.1998.0710"
"RNCMPT00045_RNCMPT","PPRC1","RNAcompete","Ray et al 2013","PPRC1, PRC, KIAA0595, MGC74642, pgc-1 related coactivator, PPARG related coactivator 1","10.1038/nature12311"
"PTBP1_GP","PTBP1","HITS-CLIP","Xue et al 2009","PTBP1, HNRNP-I, HNRNPI, HNRPI, PTB, PTB-1, PTB-T, PTB2, PTB3, PTB4, pPTB, polypyrimidine tract binding protein 1","10.1016/j.molcel.2009.12.003"
"RNCMPT00268_RNCMPT","PTBP1","RNAcompete","Garcia-Blanco et al 1989","PTBP1, HNRPI, HNRNP-I, PTB2, PTB3, PTB-1, PTB4, pPTB, PTB, heterogeneous nuclear ribonucleoprotein I, polypyrimidine tract binding protein 1","10.1101/gad.3.12a.1874"
"RNCMPT00269_RNCMPT","PTBP1","RNAcompete","Garcia-Blanco et al 1989","PTBP1, HNRPI, HNRNP-I, PTB2, PTB3, PTB-1, PTB4, pPTB, PTB, heterogeneous nuclear ribonucleoprotein I, polypyrimidine tract binding protein 1","10.1101/gad.3.12a.1874"
"PTBP1_ENCODE-K562","PTBP1","eCLIP (K562)","Dunham et al 2012;Davis et al 2018","PTBP1, HNRPI, HNRNP-I, PTB2, PTB3, PTB-1, PTB4, pPTB, PTB, heterogeneous nuclear ribonucleoprotein I, polypyrimidine tract binding protein 1","10.1038/nature11247;10.1093/nar/gkx1081"
"PTBP1_ENCODE-HepG2","PTBP1","eCLIP (HepG2)","Dunham et al 2012;Davis et al 2018","PTBP1, HNRPI, HNRNP-I, PTB2, PTB3, PTB-1, PTB4, pPTB, PTB, heterogeneous nuclear ribonucleoprotein I, polypyrimidine tract binding protein 1","10.1038/nature11247;10.1093/nar/gkx1081"
"PUM1_ENCODE-K562","PUM1","eCLIP (K562)","Dunham et al 2012;Davis et al 2018","PUM1, PUMH1, KIAA0099, pumilio RNA binding family member 1","10.1038/nature11247;10.1093/nar/gkx1081"
"PUM2_GP","PUM2","PAR-CLIP","Hafner et al 2010","PUM2, PUMH2, PUML2, pumilio RNA binding family member 2","10.1016/j.cell.2010.03.009"
"PUM2_ENCODE-K562","PUM2","eCLIP (K562)","Dunham et al 2012;Davis et al 2018","PUM2, PUMH2, KIAA0235, pumilio RNA binding family member 2","10.1038/nature11247;10.1093/nar/gkx1081"
"QKI_GP","QKI","PAR-CLIP","Hafner et al 2010","QKI, Hqk, QK, QK1, QK3, hqkI, KH domain containing, RNA binding, KH domain containing RNA binding","10.1016/j.cell.2010.03.009"
"RNCMPT00047_RNCMPT","QKI","RNAcompete","Galarneau & Richard 2005","QKI, QK3, QKI, KH domain containing RNA binding","10.1038/nsmb963"
"QKI_ENCODE-HepG2","QKI","eCLIP (HepG2)","Dunham et al 2012;Davis et al 2018","QKI, QK3, QKI, KH domain containing RNA binding","10.1038/nature11247;10.1093/nar/gkx1081"
"QKI_ENCODE-K562","QKI","eCLIP (K562)","Dunham et al 2012;Davis et al 2018","QKI, QK3, QKI, KH domain containing RNA binding","10.1038/nature11247;10.1093/nar/gkx1081"
"RNCMPT00159_RNCMPT","RALY","RNAcompete","Ray et al 2013","RALY, P542, HNRPCL2, RALY heterogeneous nuclear ribonucleoprotein","10.1038/nature12311"
"RNCMPT00168_RNCMPT","RBFOX1","RNAcompete","Ray et al 2013","RBFOX1, A2BP1, FOX-1, HRNBP1, ataxin 2-binding protein 1, hexaribonucleotide binding protein 1, RNA binding fox-1 homolog 1","10.1038/nature12311"
"RBFOX2_ENCODE-HepG2","RBFOX2","eCLIP (HepG2)","Dunham et al 2012;Davis et al 2018","RBFOX2, HNRBP2, FOX-2, HRNBP2, RBM9, hexaribonucleotide binding protein 2, RNA binding fox-1 homolog 2","10.1038/nature11247;10.1093/nar/gkx1081"
"RBFOX2_ENCODE-K562","RBFOX2","eCLIP (K562)","Dunham et al 2012;Davis et al 2018","RBFOX2, HNRBP2, FOX-2, HRNBP2, RBM9, hexaribonucleotide binding protein 2, RNA binding fox-1 homolog 2","10.1038/nature11247;10.1093/nar/gkx1081"
"RNCMPT00050_RNCMPT","RBM3","RNAcompete","Ray et al 2013","RBM3, IS1-RNPL, RNA binding motif protein 3","10.1038/nature12311"
"RNCMPT00113_RNCMPT","RBM4","RNAcompete","Ray et al 2009","RBM4, LARK, RBM4A, ZCRB3A, ZCCHC21, RNA binding motif protein 4","10.1038/nbt.1550"
"RNCMPT00052_RNCMPT","RBM4","RNAcompete","Ray et al 2009","RBM4, LARK, RBM4A, ZCRB3A, ZCCHC21, RNA binding motif protein 4","10.1038/nbt.1550"
"RNCMPT00055_RNCMPT","RBM5","RNAcompete","Ray et al 2013","RBM5, LUCA15, LUCA-15, H37, RNA binding motif protein 5","10.1038/nature12311"
"RNCMPT00154_RNCMPT","RBM5","RNAcompete","Ray et al 2013","RBM5, LUCA15, LUCA-15, H37, RNA binding motif protein 5","10.1038/nature12311"
"RBM5_ENCODE-HepG2","RBM5","eCLIP (HepG2)","Dunham et al 2012;Davis et al 2018","RBM5, LUCA15, LUCA-15, H37, RNA binding motif protein 5","10.1038/nature11247;10.1093/nar/gkx1081"
"RNCMPT00170_RNCMPT","RBM6","RNAcompete","Ray et al 2013","RBM6, DEF-3, 3G2, NY-LU-12, g16, DEF3, RNA binding motif protein 6","10.1038/nature12311"
"RNCMPT00056_RNCMPT","RBM8A","RNAcompete","Ray et al 2013","RBM8A, ZNRP, BOV-1A, BOV-1B, BOV-1C, RBM8B, Y14, RBM8, binder of OVCA1, RNA binding motif protein 8A","10.1038/nature12311"
"RBM15_ENCODE-HepG2","RBM15","eCLIP (HepG2)","Dunham et al 2012;Davis et al 2018","RBM15, OTT, OTT1, one twenty-two, RNA binding motif protein 15","10.1038/nature11247;10.1093/nar/gkx1081"
"RBM15_ENCODE-K562","RBM15","eCLIP (K562)","Dunham et al 2012;Davis et al 2018","RBM15, OTT, OTT1, one twenty-two, RNA binding motif protein 15","10.1038/nature11247;10.1093/nar/gkx1081"
"RBM22_ENCODE-K562","RBM22","eCLIP (K562)","Dunham et al 2012;Davis et al 2018","RBM22, FLJ10290, ZC3H16, fSAP47, Cwc2, functional spliceosome-associated protein 47, RNA binding motif protein 22","10.1038/nature11247;10.1093/nar/gkx1081"
"RBM22_ENCODE-HepG2","RBM22","eCLIP (HepG2)","Dunham et al 2012;Davis et al 2018","RBM22, FLJ10290, ZC3H16, fSAP47, Cwc2, functional spliceosome-associated protein 47, RNA binding motif protein 22","10.1038/nature11247;10.1093/nar/gkx1081"
"RNCMPT00184_RNCMPT","RBM24","RNAcompete","Ray et al 2013","RBM24, FLJ30829, dJ259A10.1, RNPC6, RNA binding motif protein 24","10.1038/nature12311"
"RNCMPT00049_RNCMPT","RBM28","RNAcompete","Ray et al 2013","RBM28, FLJ10377, RNA binding motif protein 28","10.1038/nature12311"
"RNCMPT00053_RNCMPT","RBM41","RNAcompete","Ray et al 2013","RBM41, FLJ11016, RNA binding motif protein 41","10.1038/nature12311"
"RNCMPT00151_RNCMPT","RBM42","RNAcompete","Ray et al 2013","RBM42, MGC10433, RNA binding motif protein 42","10.1038/nature12311"
"RNCMPT00241_RNCMPT","RBM45","RNAcompete","Ray et al 2013","RBM45, DRB1, FLJ44612, developmentally regulated RNA binding protein 1, RNA binding motif protein 45","10.1038/nature12311"
"RNCMPT00054_RNCMPT","RBM46","RNAcompete","Ray et al 2013","RBM46, MGC27016, CT68, cancer/testis antigen 68, RNA binding motif protein 46","10.1038/nature12311"
"RNCMPT00152_RNCMPT","RBMS1","RNAcompete","Ray et al 2013","RBMS1, SCR2, MSSP-1, MSSP-2, MSSP-3, YC1, HCC-4, DKFZp564H0764, C2orf12, suppressor of cdc 2 (cdc13) with RNA binding motif 2, c-myc gene single strand binding protein 2, RNA binding motif single stranded interacting protein 1","10.1038/nature12311"
"RNCMPT00173_RNCMPT","RBMS3","RNAcompete","Ray et al 2013","RBMS3, RNA-binding protein, RNA binding motif single stranded interacting protein 3","10.1038/nature12311"
"RNCMPT00057_RNCMPT","RBMS3","RNAcompete","Ray et al 2013","RBMS3, RNA-binding protein, RNA binding motif single stranded interacting protein 3","10.1038/nature12311"
"RNCMPT00063_RNCMPT","SAMD4A","RNAcompete","Ray et al 2013","SAMD4A, KIAA1053, DKFZP434H0350, Smaug, SMG, SMGA, hSmaug1, SAMD4, smaug homolog (Drosophila), sterile alpha motif domain containing 4A","10.1038/nature12311"
"RNCMPT00064_RNCMPT","SART3","RNAcompete","Ray et al 2013","SART3, KIAA0156, RP11-13G14, TIP110, p110, HIV-1 Tat-interacting protein of 110kDa, PRP24 homolog, spliceosome associated factor 3, U4/U6 recycling protein","10.1038/nature12311"
"SF3A3_ENCODE-HepG2","SF3A3","eCLIP (HepG2)","Dunham et al 2012;Davis et al 2018","SF3A3, SF3a60, SAP61, PRP9, PRPF9, splicing factor 3a subunit 3","10.1038/nature11247;10.1093/nar/gkx1081"
"SF3B1_ENCODE-K562","SF3B1","eCLIP (K562)","Dunham et al 2012;Davis et al 2018","SF3B1, SAP155, SF3b155, PRPF10, Prp10, Hsh155, splicing factor 3b subunit 1","10.1038/nature11247;10.1093/nar/gkx1081"
"SF3B4_ENCODE-K562","SF3B4","eCLIP (K562)","Dunham et al 2012;Davis et al 2018","SF3B4, SAP49, SF3b49, Hsh49, splicing factor 3b subunit 4","10.1038/nature11247;10.1093/nar/gkx1081"
"RNCMPT00177_RNCMPT","SFPQ","RNAcompete","Ray et al 2013","SFPQ, PSF, PPP1R140, polypyrimidine tract binding protein associated, protein phosphatase 1, regulatory subunit 140, splicing factor proline and glutamine rich","10.1038/nature12311"
"SFPQ_ENCODE-HepG2","SFPQ","eCLIP (HepG2)","Dunham et al 2012;Davis et al 2018","SFPQ, PSF, PPP1R140, polypyrimidine tract binding protein associated, protein phosphatase 1, regulatory subunit 140, splicing factor proline and glutamine rich","10.1038/nature11247;10.1093/nar/gkx1081"
"RNCMPT00070_RNCMPT","SNRNP70","RNAcompete","Ray et al 2013","SNRNP70, U1-70K, Snp1, RNPU1Z, RPU1, SNRP70, small nuclear ribonucleoprotein U1 subunit 70","10.1038/nature12311"
"RNCMPT00071_RNCMPT","SNRPA","RNAcompete","Ray et al 2013","SNRPA, U1A, U1-A, Mud1, small nuclear ribonucleoprotein polypeptide A","10.1038/nature12311"
"SRSF1_GP","SRSF1","HITS-CLIP","Sanford et al 2009","SRSF1, ASF, SF2, SF2p33, SFRS1, SRp30a, ASF/SF2, serine/arginine-rich splicing factor 1, serine and arginine rich splicing factor 1","10.1101/gr.082503.108"
"SRSF1_ENCODE-K562","SRSF1","eCLIP","Von Nostrand et al 2016","SRSF1, ASF, SF2, SF2p33, SFRS1, SRp30a, ASF/SF2, serine/arginine-rich splicing factor 1, serine and arginine rich splicing factor 1","10.1038/nmeth.3810"
"RNCMPT00106_RNCMPT","SRSF1","RNAcompete","Ray et al 2009","SRSF1, ASF, SF2, ASF/SF2, SRp30a, SF2p33, MGC5228, SFRS1, splicing factor 2, pre-mRNA-splicing factor SF2, P33 subunit, alternate splicing factor, SR splicing factor 1, serine and arginine rich splicing factor 1","10.1038/nbt.1550"
"RNCMPT00107_RNCMPT","SRSF1","RNAcompete","Ray et al 2009","SRSF1, ASF, SF2, ASF/SF2, SRp30a, SF2p33, MGC5228, SFRS1, splicing factor 2, pre-mRNA-splicing factor SF2, P33 subunit, alternate splicing factor, SR splicing factor 1, serine and arginine rich splicing factor 1","10.1038/nbt.1550"
"RNCMPT00108_RNCMPT","SRSF1","RNAcompete","Ray et al 2009","SRSF1, ASF, SF2, ASF/SF2, SRp30a, SF2p33, MGC5228, SFRS1, splicing factor 2, pre-mRNA-splicing factor SF2, P33 subunit, alternate splicing factor, SR splicing factor 1, serine and arginine rich splicing factor 1","10.1038/nbt.1550"
"RNCMPT00109_RNCMPT","SRSF1","RNAcompete","Ray et al 2009","SRSF1, ASF, SF2, ASF/SF2, SRp30a, SF2p33, MGC5228, SFRS1, splicing factor 2, pre-mRNA-splicing factor SF2, P33 subunit, alternate splicing factor, SR splicing factor 1, serine and arginine rich splicing factor 1","10.1038/nbt.1550"
"RNCMPT00110_RNCMPT","SRSF1","RNAcompete","Ray et al 2009","SRSF1, ASF, SF2, ASF/SF2, SRp30a, SF2p33, MGC5228, SFRS1, splicing factor 2, pre-mRNA-splicing factor SF2, P33 subunit, alternate splicing factor, SR splicing factor 1, serine and arginine rich splicing factor 1","10.1038/nbt.1550"
"RNCMPT00163_RNCMPT","SRSF1","RNAcompete","Ray et al 2013","SRSF1, ASF, SF2, ASF/SF2, SRp30a, SF2p33, MGC5228, SFRS1, splicing factor 2, pre-mRNA-splicing factor SF2, P33 subunit, alternate splicing factor, SR splicing factor 1, serine and arginine rich splicing factor 1","10.1038/nature12311"
"SRSF1_ENCODE-HepG2","SRSF1","eCLIP (HepG2)","Dunham et al 2012;Davis et al 2018","SRSF1, ASF, SF2, SRp30a, SF2p33, MGC5228, SFRS1, splicing factor 2, pre-mRNA-splicing factor SF2, P33 subunit, alternate splicing factor, SR splicing factor 1, serine and arginine rich splicing factor 1","10.1038/nature11247;10.1093/nar/gkx1081"
"RNCMPT00072_RNCMPT","SRSF2","RNAcompete","Cavaloc et al 1999","SRSF2, SC-35, SC35, PR264, SFRS2A, SFRS2, SR splicing factor 2, serine and arginine rich splicing factor 2","10.1017/s1355838299981967"
"SRSF5_GSE113813","SRSF5","iCLIP","Krchnakova et al 2019","SRSF5, SFRS5, splicing factor, arginine/serine-rich 5, serine/arginine-rich splicing factor 5, SRP40, SRp40, HRS, pre-mRNA splicing factor SRP40, SR splicing factor 5, serine and arginine rich splicing factor 5","10.1093/nar/gky1147"
"SRSF6_GSE113813","SRSF6","iCLIP","Krchnakova et al 2019","SRSF6, SFRS6, splicing factor, arginine/serine-rich 6, serine/arginine-rich splicing factor 6, SRP55, SRp55, B52, pre-mRNA splicing factor SRP55, SR splicing factor 6, serine and arginine rich splicing factor 6","10.1093/nar/gky1147"
"RNCMPT00073_RNCMPT","SRSF7","RNAcompete","Cavaloc et al 1999","SRSF7, 9G8, ZCRB2, HSSG1, AAG3, RBM37, ZCCHC20, SFRS7, SR splicing factor 7, serine and arginine rich splicing factor 7","10.1017/s1355838299981967"
"SRSF7_ENCODE-HepG2","SRSF7","eCLIP (HepG2)","Dunham et al 2012;Davis et al 2018","SRSF7, 9G8, ZCRB2, HSSG1, AAG3, RBM37, ZCCHC20, SFRS7, SR splicing factor 7, serine and arginine rich splicing factor 7","10.1038/nature11247;10.1093/nar/gkx1081"
"SRSF7_ENCODE-K562","SRSF7","eCLIP (K562)","Dunham et al 2012;Davis et al 2018","SRSF7, 9G8, ZCRB2, HSSG1, AAG3, RBM37, ZCCHC20, SFRS7, SR splicing factor 7, serine and arginine rich splicing factor 7","10.1038/nature11247;10.1093/nar/gkx1081"
"RNCMPT00074_RNCMPT","SRSF9","RNAcompete","Paradis et al 2007","SRSF9, SRp30c, SFRS9, SR splicing factor 9, serine and arginine rich splicing factor 9","10.1261/rna.403607"
"RNCMPT00067_RNCMPT","SRSF9","RNAcompete","Ray et al 2013","SRSF9, SRp30c, SFRS9, SR splicing factor 9, serine and arginine rich splicing factor 9","10.1038/nature12311"
"SRSF9_ENCODE-HepG2","SRSF9","eCLIP (HepG2)","Dunham et al 2012;Davis et al 2018","SRSF9, SRp30c, SFRS9, SR splicing factor 9, serine and arginine rich splicing factor 9","10.1038/nature11247;10.1093/nar/gkx1081"
"RNCMPT00088_RNCMPT","SRSF10","RNAcompete","Ray et al 2009","SRSF10, TASR1, TASR2, SRp38, SRrp40, SFRS13, PPP1R149, FUSIP2, FUSIP1, SFRS13A, splicing factor, arginine/serine-rich 13, SR splicing factor 10, protein phosphatase 1, regulatory subunit 149, serine and arginine rich splicing factor 10","10.1038/nbt.1550"
"RNCMPT00089_RNCMPT","SRSF10","RNAcompete","Ray et al 2009","SRSF10, TASR1, TASR2, SRp38, SRrp40, SFRS13, PPP1R149, FUSIP2, FUSIP1, SFRS13A, splicing factor, arginine/serine-rich 13, SR splicing factor 10, protein phosphatase 1, regulatory subunit 149, serine and arginine rich splicing factor 10","10.1038/nbt.1550"
"RNCMPT00090_RNCMPT","SRSF10","RNAcompete","Ray et al 2009","SRSF10, TASR1, TASR2, SRp38, SRrp40, SFRS13, PPP1R149, FUSIP2, FUSIP1, SFRS13A, splicing factor, arginine/serine-rich 13, SR splicing factor 10, protein phosphatase 1, regulatory subunit 149, serine and arginine rich splicing factor 10","10.1038/nbt.1550"
"RNCMPT00019_RNCMPT","SRSF10","RNAcompete","Ray et al 2013","SRSF10, TASR1, TASR2, SRp38, SRrp40, SFRS13, PPP1R149, FUSIP2, FUSIP1, SFRS13A, splicing factor, arginine/serine-rich 13, SR splicing factor 10, protein phosphatase 1, regulatory subunit 149, serine and arginine rich splicing factor 10","10.1038/nature12311"
"TAF15_GP","TAF15","PAR-CLIP","Hoell et al 2011","TAF15, Npl3, RBP56, TAF2N, TAFII68, TATA-box binding protein associated factor 15","10.1038/nsmb.2163"
"TARDBP_GP","TARDBP","iCLIP","Tollervey et al 2011","TARDBP, ALS10, TDP-43, TDP43, TAR DNA binding protein","10.1093/nar/gky830"
"TARDBP_POSTAR2","TARDBP","eCLIP, iCLIP, PAR-CLIP","Zhu et al 2019","TARDBP, ALS10, TDP-43, TDP43, TAR DNA binding protein","10.1093/nar/gky830"
"RNCMPT00076_RNCMPT","TARDBP","RNAcompete","Ray et al 2013","TARDBP, TDP-43, TDP43, ALS10, TAR DNA binding protein","10.1038/nature12311"
"TARDBP_ENCODE-K562","TARDBP","eCLIP (K562)","Dunham et al 2012;Davis et al 2018","TARDBP, TDP-43, ALS10, TAR DNA binding protein","10.1038/nature11247;10.1093/nar/gkx1081"
"TIA1_GP","TIA1","iCLIP","Wang et al 2010","TIA1 Cytotoxic Granule Associated RNA Binding Protein, Nucleolysin, P40-TIA-1, WDM","10.1371/journal.pbio.1000530"
"RNCMPT00165_RNCMPT","TIA1","RNAcompete","Ray et al 2013","TIA1, TIA-1, T-cell-restricted intracellular antigen-1, nucleolysin TIA-1 isoform p40, TIA1 cytotoxic granule associated RNA binding protein","10.1038/nature12311"
"RNCMPT00077_RNCMPT","TIA1","RNAcompete","Lopez de Silanes et al 2005","TIA1, TIA-1, T-cell-restricted intracellular antigen-1, nucleolysin TIA-1 isoform p40, TIA1 cytotoxic granule associated RNA binding protein","10.1128/MCB.25.21.9520-9531.2005"
"TIA1_ENCODE-K562","TIA1","eCLIP (K562)","Dunham et al 2012;Davis et al 2018","TIA1, TIA-1, T-cell-restricted intracellular antigen-1, nucleolysin TIA-1 isoform p40, TIA1 cytotoxic granule associated RNA binding protein","10.1038/nature11247;10.1093/nar/gkx1081"
"TIAL1_GP","TIAL1","iCLIP","Wang et al 2010","TIAL1, TCBP, TIAR, TIA1 cytotoxic granule-associated RNA binding protein-like 1, TIA1 cytotoxic granule associated RNA binding protein like 1","10.1371/journal.pbio.1000530"
"TIAL1_ENCODE-HepG2","TIAL1","eCLIP (HepG2)","Dunham et al 2012;Davis et al 2018","TIAL1, TIAR, TIA1 related, TIA1 cytotoxic granule associated RNA binding protein like 1","10.1038/nature11247;10.1093/nar/gkx1081"
"TRA2A_ENCODE-HepG2","TRA2A","eCLIP (HepG2)","Dunham et al 2012;Davis et al 2018","TRA2A, htra-2-alpha, AWMS1, transformer 2 alpha homolog","10.1038/nature11247;10.1093/nar/gkx1081"
"TRA2A_ENCODE-K562","TRA2A","eCLIP (K562)","Dunham et al 2012;Davis et al 2018","TRA2A, htra-2-alpha, AWMS1, transformer 2 alpha homolog","10.1038/nature11247;10.1093/nar/gkx1081"
"TRA2B_GSE59335","TRA2B","iCLIP","Best et al 2014","TRA2B, SFRS10, splicing factor, arginine/serine-rich 10 (transformer 2 homolog, Drosophila), transformer 2 beta homolog (Drosophila), Htra2-beta, PPP1R156, transformer 2 beta homolog","10.1038/ncomms5760"
"RNCMPT00075_RNCMPT","TUT1","RNAcompete","Laishram et al 2010","TUT1, FLJ22347, FLJ22267, FLJ21850, PAPD2, TUTase, TENT1, RBM21, RNA uridylyltransferase, U6 TUTase, TUTase 6, terminal uridylyl transferase 1, U6 snRNA-specific","10.1038/emboj.2010.287"
"U2AF1_ENCODE-HepG2","U2AF1","eCLIP (HepG2)","Dunham et al 2012;Davis et al 2018","U2AF1, U2AF35, RNU2AF1, RN, U2AFBP, U2 small nuclear RNA auxiliary factor 1","10.1038/nature11247;10.1093/nar/gkx1081"
"U2AF1_ENCODE-K562","U2AF1","eCLIP (K562)","Dunham et al 2012;Davis et al 2018","U2AF1, U2AF35, RNU2AF1, RN, U2AFBP, U2 small nuclear RNA auxiliary factor 1","10.1038/nature11247;10.1093/nar/gkx1081"
"RNCMPT00079_RNCMPT","U2AF2","RNAcompete","Ray et al 2013","U2AF2, U2AF65, U2 small nuclear ribonucleoprotein auxiliary factor (65kD), splicing factor U2AF 65 kD subunit, U2 snRNP auxiliary factor large subunit, U2 small nuclear RNA auxiliary factor 2","10.1038/nature12311"
"U2AF2_ENCODE-HepG2","U2AF2","eCLIP (HepG2)","Dunham et al 2012;Davis et al 2018","U2AF2, U2AF65, U2 small nuclear ribonucleoprotein auxiliary factor (65kD), splicing factor U2AF 65 kD subunit, U2 snRNP auxiliary factor large subunit, U2 small nuclear RNA auxiliary factor 2","10.1038/nature11247;10.1093/nar/gkx1081"
"U2AF2_ENCODE-K562","U2AF2","eCLIP (K562)","Dunham et al 2012;Davis et al 2018","U2AF2, U2AF65, U2 small nuclear ribonucleoprotein auxiliary factor (65kD), splicing factor U2AF 65 kD subunit, U2 snRNP auxiliary factor large subunit, U2 small nuclear RNA auxiliary factor 2","10.1038/nature11247;10.1093/nar/gkx1081"
"RNCMPT00116_RNCMPT","YBX1","RNAcompete","Izumi et al 2001","YBX1, YB-1, YB1, DBPB, NSEP-1, MDR-NF1, BP-8, CSDB, CSDA2, NSEP1, Y-box binding protein 1","10.1093/nar/29.5.1200"
"RNCMPT00083_RNCMPT","YBX1","RNAcompete","Izumi et al 2001","YBX1, YB-1, YB1, DBPB, NSEP-1, MDR-NF1, BP-8, CSDB, CSDA2, NSEP1, Y-box binding protein 1","10.1093/nar/29.5.1200"
"RNCMPT00084_RNCMPT","YBX2","RNAcompete","Ray et al 2013","YBX2, MSY2, CSDA3, Contrin, Y-box binding protein 2","10.1038/nature12311"
"RNCMPT00085_RNCMPT","ZC3H10","RNAcompete","Ray et al 2013","ZC3H10, FLJ14451, ZC3HDC10, zinc finger CCCH-type containing 10","10.1038/nature12311"
"RNCMPT00086_RNCMPT","ZC3H14","RNAcompete","Ray et al 2013","ZC3H14, FLJ11806, UKp68, NY-REN-37, zinc finger CCCH-type containing 14","10.1038/nature12311"
"ZC3H7B_GP","ZC3H7B","PAR-CLIP","Baltz et al 2012","ZC3H7B, RoXaN, zinc finger CCCH-type containing 7B, ROXAN1","10.1016/j.molcel.2012.05.021"
"RNCMPT00087_RNCMPT","ZCRB1","RNAcompete","Ray et al 2013","ZCRB1, MADP-1, MADP1, RBM36, ZCCHC19, SNRNP31, U11/U12 snRNP 31K, zinc finger CCHC-type and RNA binding motif containing 1","10.1038/nature12311"
"RNCMPT00164_RNCMPT","ZNF638","RNAcompete","Ray et al 2013","ZNF638, NP220, MGC26130, Zfp638, ZFML, zinc finger protein 638","10.1038/nature12311"
